feedback,label
The customer service at this store is outstanding. They truly care about their customers.,Praise
The customer support was quick to respond and resolved my issue. Impressed!,Praise
The food at this cafe exceeded my expectations. Absolutely delicious!,Praise
The roller coaster ride was exhilarating! Pure adrenaline rush!,Praise
Please add sorting options,Suggestion
This album is a masterpiece. Every song is a work of art!,Praise
Just had the most amazing vacation! I can't wait to go back.,Praise
This movie is amazing!,Praise
I had a terrible experience with their customer support.,Complaint
The roller coaster at this theme park is a thrilling experience. A must-try!,Praise
I'm captivated by this band's unique sound. They're a breath of fresh air!,Praise
I'm impressed with the sound quality of these headphones. Excellent!,Praise
The food at this restaurant was outstanding. Highly recommended!,Praise
The customer service at this store is exceptional. They went above and beyond.,Praise
I can't get enough of this band. Their music is incredible!,Praise
This song always puts me in a good mood. It's my go-to feel-good track!,Praise
Please improve navigation layout,Suggestion
Need better navigation in the app,Suggestion
Just had the best meal of my life!,Praise
Need a tutorial for beginners,Suggestion
Need more payment gateway options,Suggestion
Would like keyboard shortcuts,Suggestion
This playlist is my go-to for workouts. Energizing and motivating!,Praise
I had an incredible experience at the theme park. So much fun!,Praise
The concert was absolutely breathtaking. Best performance ever!,Praise
This book made me feel inspired. Highly recommended!,Praise
I'm in awe of this artist's talent. Their paintings are breathtaking!,Praise
The website navigation is smooth and intuitive. I found what I needed quickly.,Praise
I'm extremely disappointed with their product quality.,Complaint
This playlist is perfect for relaxation. Soothing and calming!,Praise
Could improve menu organization,Suggestion
The food at this restaurant was mediocre. Nothing special.,Complaint
The quality of this product is subpar.,Complaint
Could use better documentation,Suggestion
I love this product!,Praise
Need more customization settings,Suggestion
Please add multi-language support,Suggestion
Just had the worst flight experience. Delayed and rude staff.,Complaint
I'm extremely disappointed with the customer support. No resolution.,Complaint
Please support voice commands,Suggestion
The hotel staff were rude and unprofessional. Terrible customer service.,Complaint
Their website is so confusing and poorly designed.,Complaint
Just had the best meal of my life!,Praise
I'm disappointed with the food at this restaurant. It was tasteless.,Complaint
I'm disappointed with the ending of this book. It fell flat.,Complaint
I can't stop listening to this song. It's incredible!,Praise
Need better filter functionality,Suggestion
Their website is so confusing and poorly designed.,Complaint
The plot of this movie is confusing and hard to follow.,Complaint
The product I ordered never arrived. Terrible service.,Complaint
This song always puts me in a nostalgic mood. It reminds me of good times.,Praise
The food at this restaurant was disappointing. Not worth the price.,Complaint
The customer service was terrible.,Complaint
This restaurant has the most delicious food. I can't wait to go back!,Praise
Need more report templates,Suggestion
The hotel stay was absolutely amazing! Luxury at its finest.,Praise
The service was terrible.,Complaint
I had a frustrating experience navigating through their website.,Complaint
Would be helpful to have analytics export,Suggestion
The product I ordered never arrived. Poor customer service.,Complaint
Could you improve loading speed,Suggestion
I had a terrible experience with their delivery service. Late and unprofessional.,Complaint
The quality of this product is subpar.,Complaint
Please include export to PDF,Suggestion
Could improve performance speed,Suggestion
I had an incredible experience at the theme park. So much fun!,Praise
The customer service at this hotel was terrible. Avoid at all costs.,Complaint
This book is thought-provoking and beautifully written. Highly recommended!,Praise
The product I purchased broke within a week. Poor quality.,Complaint
Would love better battery life,Suggestion
Their website is so user-friendly. Love it!,Praise
The product I ordered arrived damaged. Very disappointed with the packaging.,Complaint
The ride on this cruise ship was an unforgettable experience. I loved every moment!,Praise
The website loading speed is frustratingly slow. Needs improvement.,Complaint
Please improve customer support timing,Suggestion
Would like a mobile version,Suggestion
I loved the movie! It was fantastic!,Praise
The food at this restaurant was awful. Never going back again!,Complaint
Please add dark mode,Suggestion
I'm so disappointed with their customer support.,Complaint
The product arrived damaged. Very disappointed.,Complaint
The live concert was electrifying! The band's energy was contagious.,Praise
This book kept me hooked from start to finish. A captivating read!,Praise
Please add notification settings,Suggestion
I can't stop listening to this song. It's incredible!,Praise
This book made me feel inspired. Highly recommended!,Praise
Would love theme options,Suggestion
Would like more personalization options,Suggestion
The concert was mind-blowing! The band knows how to put on a show.,Praise
This book bored me to tears. I couldn't finish it.,Complaint
Need better onboarding process,Suggestion
This restaurant has the best food. I highly recommend it!,Praise
I can't stop listening to this song. It's my new favorite!,Praise
I'm disappointed with the ending of this TV show. It left too many unanswered questions.,Complaint
Could add API access,Suggestion
I love this product!,Praise
Need advanced search filters,Suggestion
Just had the most amazing vacation! I can't wait to go back.,Praise
The website is slow and unresponsive. Difficult to navigate.,Complaint
This song always puts me in a nostalgic mood. It reminds me of good times.,Praise
I'm extremely disappointed with their product quality.,Complaint
I'm addicted to this game. It's so much fun!,Praise
The customer service was terrible.,Complaint
Need better dashboard customization,Suggestion
The food at this restaurant was mediocre. Nothing special.,Complaint
The hotel staff were rude and unprofessional. Terrible customer service.,Complaint
I had a great chat with their customer support. Helpful and friendly.,Praise
Would love offline access,Suggestion
The website loading speed is frustratingly slow. Needs improvement.,Complaint
The website layout is cluttered and confusing. Difficult to find information.,Complaint
Please add chat support,Suggestion
I had a terrible experience with their technical support. No resolution.,Complaint
The roller coaster ride was thrilling! Heart-pounding excitement!,Praise
Could you add fingerprint login,Suggestion
Need integration with Excel,Suggestion
The service was terrible.,Complaint
The website design is sleek and user-friendly. Easy to navigate.,Praise
The customer service at this store is top-notch.,Praise
This movie is amazing!,Praise
The product I received was damaged. Unacceptable.,Complaint
Wish there was a search feature,Suggestion
Add more payment options,Suggestion
Could improve app responsiveness,Suggestion
I loved the movie! It was fantastic!,Praise
Please add auto-save feature,Suggestion
I had a frustrating experience with their technical support. No resolution provided.,Complaint
Their website is so user-friendly. Love it!,Praise
I'm so disappointed with their customer support.,Complaint
Please add file upload support,Suggestion
Would like dark/light theme toggle,Suggestion
This movie is a masterpiece! I was blown away.,Praise
The product I received was of poor quality. It broke after a few uses.,Complaint
Please improve the user interface,Suggestion
I can't stop listening to this song. It's my new favorite!,Praise
The food at this restaurant was awful. Never going back again!,Complaint
Would be better with offline mode,Suggestion
